timestamp,x,y,z,magnitude,session_id
1782034376876.0,-0.48895709076747296,-0.6351740724287926,-0.14999357759058474,0.8154895537135903,battle-room
1782034376893.0,-0.5199629813406617,-0.5783719887547195,-0.21885493237078188,0.8079437732687704,battle-room
1782034376910.0,-0.597675531900674,-0.4612582058504224,-0.2509966220408678,0.7955969319781409,battle-room
1782034376926.0,-0.520065711062774,-0.20587065537422894,-0.24289456412792204,0.6097940962737639,battle-room
1782034376943.0,-0.4264689973462373,-0.041377135527133936,-0.2482254037618637,0.4951804965006962,battle-room
1782034376960.0,-0.18672761828592047,0.13806392421349883,-0.25977672534585,0.3484433922911674,battle-room
1782034376976.0,0.08813495944561436,0.23162571274712682,-0.10364449886977672,0.2686269234981143,battle-room
1782034376993.0,0.09785164948096499,0.20048194807320832,-0.06906243031024932,0.23353281587334204,battle-room
1782034377009.0,0.026812055612541734,0.17646058262512088,-0.028950784674286842,0.1808186148598204,battle-room
1782034377026.0,-0.0042571825204417105,0.16304565912634134,0.0799777920782566,0.18165477639926866,battle-room
1782034377043.0,0.032576628754939885,0.15564926526471973,0.09805822317004204,0.18682437113436254,battle-room
1782034377060.0,0.08591593168927356,0.1345122230812907,0.21475918748974798,0.26757539888331205,battle-room
1782034377076.0,0.1911057968375273,0.08154109587222337,0.2796574838578701,0.3483944376402474,battle-room
1782034377093.0,0.22730187646495176,0.018841478592157363,0.32485388541221616,0.3969271863042895,battle-room
1782034377109.0,0.2519197099688463,-0.028383652310818432,0.32808336885273454,0.4146177382928141,battle-room
1782034377126.0,0.23928716901941224,0.015134294637292623,0.08216799559891223,0.25345408979189116,battle-room
1782034377143.0,0.2518513026414439,0.07760083381384611,0.07151742224693299,0.27306722567097363,battle-room
1782034377160.0,0.28030613875864074,0.28161709349304437,-0.25872633951008317,0.4741508594630356,battle-room
1782034377176.0,0.11543406792273744,0.288148102696985,-0.49089317339658733,0.5808015675017031,battle-room
1782034377193.0,0.03116277990164235,0.26946152240559457,-0.3453086444199085,0.43911125107363597,battle-room
1782034377210.0,0.12095262128165922,0.0925762846276164,0.1167640926837921,0.1919212297027797,battle-room
1782034377226.0,0.29045833413442596,0.018326222546398638,0.2905839515417814,0.41126746430346556,battle-room
1782034377243.0,0.2577070429323241,-0.007203355507552623,0.21427286527752876,0.33522778688786065,battle-room
1782034377260.0,0.20593732740227133,0.06754150435328483,-0.0895768105506897,0.23451235066906229,battle-room
1782034377276.0,0.12362801450337282,0.08493117670193313,-0.26923604308664795,0.30819675151269277,battle-room
1782034377293.0,-0.058085118355089796,0.008705722894519567,-0.18033143270909785,0.18965520348347112,battle-room
1782034377310.0,-0.08480718499608338,-0.02623348853960633,-0.01648527085483074,0.09028963784994765,battle-room
1782034377326.0,0.11705655455803497,-0.08035159382671117,0.4010749553054571,0.4254641411079968,battle-room
1782034377343.0,0.22279168729782103,-0.073361881069839,0.38637189169228076,0.4519970577481526,battle-room
1782034377359.0,0.21001392919141798,-0.04304419195652008,0.01640343779027462,0.2150063387134135,battle-room
1782034377376.0,0.012106982705369591,0.09992591673806309,-0.39883156029284,0.41133730848513084,battle-room
1782034377393.0,-0.18105815781475976,0.14255948206707833,-0.4111597114682197,0.47133594258568673,battle-room
1782034377410.0,-0.11254181707995012,0.06117839906215668,-0.16472586729824543,0.20866975933427587,battle-room
1782034377426.0,0.052375965194357554,-0.057163172071427105,0.24410452443957328,0.2561208480838262,battle-room
1782034377443.0,-0.0049620885199401525,-0.03618672727718949,0.14632511821091174,0.15081492556425147,battle-room
1782034377460.0,-0.05056107952580787,0.0013553601317107676,0.031875147688388825,0.0597853226474383,battle-room
1782034377476.0,-0.01861543301763013,0.11891805584728717,-0.10737959374487399,0.16130224891720069,battle-room
1782034377493.0,0.06412546709841117,0.11312968170419335,0.037840193572640415,0.13543367625039354,battle-room
1782034377510.0,0.146157122966554,0.0832546217918396,0.173840901646018,0.24189645662692777,battle-room
1782034377526.0,0.23231460832674056,-0.10752031738981604,0.3044020490139723,0.39773270337944105,battle-room
1782034377543.0,-0.07970209867572411,-0.4988866563685238,0.18779051654338835,0.5389857127415466,battle-room
1782034377560.0,-0.22210825334461404,-0.6304265856407583,0.12572364420890808,0.6801295397199182,battle-room
1782034377576.0,-0.08187334176758304,-0.679443860657513,0.28593349538743495,0.7416907493435885,battle-room
1782034377593.0,-0.15071812900546938,-0.6335724824510515,0.2690425663411617,0.704637458153862,battle-room
1782034377610.0,-0.33048056618757543,-0.43127939330264925,0.09067804979085922,0.5508555422513557,battle-room
1782034377626.0,-0.35680107542350886,-0.3763445648051798,0.09352759400308132,0.5269626644476606,battle-room
1782034377643.0,-0.051332296793744896,-0.27569033379256724,0.2897796494215727,0.40325229083003095,battle-room
1782034377660.0,0.12488784183873794,-0.3021805735722184,0.5378630143642426,0.629449516883254,battle-room
1782034377676.0,0.2252798508517444,-0.27306948376968504,0.5439864656805992,0.6490294515734214,battle-room
1782034377693.0,-0.02588442622347502,-0.2741603477463126,0.2631868260502815,0.3809215210561339,battle-room
1782034377710.0,-0.1443303093981929,-0.23091537252068517,0.14251871166527272,0.30735115202659324,battle-room
1782034377726.0,-0.2622475724387914,-0.12643778382763265,0.0983165818452835,0.30728887499390967,battle-room
1782034377743.0,0.09639300250471569,0.03556026594191789,0.3526449786573648,0.3673072615916916,battle-room
1782034377759.0,0.24737244019433854,0.047062633817642925,0.3583019815057516,0.43793644016055927,battle-room
1782034377776.0,0.11420695554688572,0.08560439978837966,0.1313701256632805,0.19398312265556295,battle-room
1782034377793.0,-0.24910014076977965,0.016372896521538494,-0.10136077184677124,0.269430803623866,battle-room
1782034377810.0,-0.39723574246875937,-0.06464768260791898,-0.08680676131546497,0.4117171016260569,battle-room
1782034377826.0,-0.5274220651749522,-0.2643357038244605,0.15232465088665484,0.609303043171069,battle-room
1782034377843.0,-0.510738056877628,-0.4141527558043599,0.26637597748041153,0.7094589694000109,battle-room
1782034377860.0,-0.38356757486127313,-0.24732246357277035,0.17696750923395155,0.489499729108333,battle-room
1782034377876.0,-0.24908161873240023,-0.1621056017972529,0.10771569383144378,0.31610528249618297,battle-room
1782034377893.0,-0.18672820280781013,-0.03647080491557717,0.08398819676339626,0.20797009047118226,battle-room
1782034377910.0,-0.21073696450265123,-0.02385623801425099,0.01737666673660278,0.21279364851155505,battle-room
1782034377926.0,-0.05223906834116205,0.08406330782622098,0.026555998492240905,0.10247331867251341,battle-room
1782034377943.0,-0.21981113711707292,-0.20354966508075595,0.05348024577498436,0.3043181539825406,battle-room
1782034377960.0,-0.29308881050217894,-0.7904740858644247,0.23272914394438265,0.8745931543900085,battle-room
1782034377976.0,-0.21400498985527083,-0.9850810044243932,0.3978495635181665,1.0837282852045163,battle-room
1782034377993.0,-0.12557453632811083,-1.094701801224798,0.4072100970596075,1.1747174387596926,battle-room
1782034378009.0,-0.12920765039976687,-1.2093772510662675,0.32749533983170986,1.2595797513178422,battle-room
1782034378026.0,-0.053718566309195005,-1.4468857382416724,0.19178689270317553,1.460529436918751,battle-room
1782034378043.0,-0.07954027744382619,-1.741678831911087,0.004960252755880356,1.7435011939687368,battle-room
1782034378059.0,-0.15545502133425323,-2.125854528733343,0.05696458075940609,2.1322918900692724,battle-room
1782034378076.0,0.2904512833391316,-4.420659264461696,0.1223024375885725,4.431878627253287,battle-room
1782034378093.0,1.2362905385635792,-6.883485840293765,0.6332780295491218,7.022238437419809,battle-room
1782034378110.0,1.3459056362755595,-7.795252894443273,0.9754869543880224,7.970508419684767,battle-room
1782034378126.0,0.23292762565854935,-8.876704315081238,0.830209299403429,8.918485423937897,battle-room
1782034378143.0,-1.4028849762126803,-8.78453164281845,0.7565273925989866,8.927956996755444,battle-room
1782034378159.0,-2.155194312725216,-9.250935102602838,0.607398907405138,9.51806683265512,battle-room
1782034378176.0,-2.9286294393748045,-11.022004279649257,0.5446551587224007,11.417447086617141,battle-room
1782034378193.0,-3.681734456309676,-13.160133914196491,0.12710194682478904,13.666032641233125,battle-room
1782034378209.0,-4.214515345104038,-13.19404085997343,-0.04364624950289726,13.850875741405721,battle-room
1782034378226.0,-2.640212894999981,-12.297220615065097,1.2096563602685928,12.6354907896941,battle-room
1782034378243.0,-2.1711308636561033,-11.841503968989848,0.2608183433532715,12.041721292363146,battle-room
1782034378260.0,-2.215625985073298,-9.82084102243781,-0.7659101379722356,10.09675864984293,battle-room
1782034378276.0,-2.0314212180621922,-5.029406371605396,1.735803802397847,5.6951396344915945,battle-room
1782034378293.0,0.22876783909797668,0.4348896927542984,4.915127081474662,4.939629337927605,battle-room
1782034378309.0,2.8224215197578073,2.9277856820270416,7.456779649001359,8.493618485005983,battle-room
1782034378326.0,5.653542478799819,11.201298186004161,9.64709773594737,15.827132347279306,battle-room
1782034378343.0,5.991827508193254,22.32968311148882,6.366586703503131,23.980203731425494,battle-room
1782034378360.0,3.5878663783058524,23.443169254291057,0.07449848388433455,23.716250122184498,battle-room
1782034378376.0,-0.7225015696827322,23.04430788338184,-6.667412647596001,24.000344284105832,battle-room
1782034378393.0,-1.1698008813507854,17.782766826593875,-5.654441473466157,18.696736038353617,battle-room
1782034378410.0,-0.15319617302417754,13.852535163843632,-1.9340975927770137,13.987742242096807,battle-room
1782034378426.0,1.8793702695503829,7.550901117244362,3.0831507235229014,8.36982429184937,battle-room
1782034378443.0,0.5439236295774579,5.214771122306585,0.453955481621623,5.262676728828184,battle-room
1782034378460.0,-0.7392980253785848,4.5407174302548166,-0.6674661303550005,4.648675874581886,battle-room
1782034378476.0,-2.6654358913227916,3.997235406965017,-2.454133274027705,5.394924421726078,battle-room
1782034378493.0,-3.017484365391731,2.5409429579526184,-0.23953765491545198,3.9520856897434467,battle-room
1782034378510.0,-2.635036953666806,1.2956035821452736,1.4735387673676013,3.285319602138053,battle-room
1782034378526.0,-1.240680151824653,0.6319230347435921,3.1828035224080082,3.4740253630657363,battle-room
1782034378543.0,-0.05876885370239615,-0.322795528110303,2.406924363607168,2.4291841476634235,battle-room
1782034378560.0,0.2713933672510087,-0.6597094518136233,1.4321446807056664,1.5999716582094845,battle-room
1782034378576.0,1.1337807428121567,0.7566414474327117,-0.46509120814204213,1.440234315879114,battle-room
1782034378593.0,0.7250660864084959,1.6195166795760392,-1.5528952126771212,2.357973419409187,battle-room
1782034378610.0,0.6158320969685912,1.4261670676007867,-1.751442101034522,2.34110040571565,battle-room
1782034378626.0,1.377747320085764,1.4068874898523092,-1.4659505041956902,2.454899380393835,battle-room
1782034378642.0,1.9361314366921782,1.4242809615932404,-1.0270715956747531,2.613820433837521,battle-room
1782034378660.0,1.915031073257327,1.9003019984200595,-1.0618974098622798,2.899330578911725,battle-room
1782034378676.0,0.927846082291007,4.0726323009938,-2.1325117946654557,4.689865538147987,battle-room
1782034378693.0,-0.5364183685138821,7.74438020081818,-3.1498955245405433,8.37764950188442,battle-room
1782034378710.0,-0.5296874528236687,9.909289705741404,-3.002448708823323,10.367704158544756,battle-room
1782034378726.0,-0.026600860547274348,10.395427209043502,-2.4491367809146642,10.680069542654339,battle-room
1782034378743.0,1.4234674532532692,11.818144136190414,-1.6345254481375215,12.015259624945788,battle-room
1782034378760.0,1.8838079597368835,12.044615973305701,-0.7222855157792568,12.212420019794742,battle-room
1782034378776.0,2.4890140332728623,12.768863144546746,1.086994441717863,13.054524647734937,battle-room
1782034378793.0,2.1583177054427565,11.162200685846805,1.8813491684079169,11.523564299391737,battle-room
1782034378810.0,1.2605284693717955,8.461129709780217,1.6608680961400268,8.714248723819974,battle-room
1782034378826.0,1.0874873398013412,8.480202074518798,1.865057958820462,8.750708378677732,battle-room
1782034378843.0,1.9547320922657847,7.919530431497097,2.6896155160725117,8.589177576010428,battle-room
1782034378860.0,2.7350828435227275,6.331986514765024,4.6502854739546775,8.318646907602965,battle-room
1782034378876.0,1.7111152052126823,4.3055069908887145,4.572773779729008,6.509651736819625,battle-room
1782034378893.0,-0.5304780186794698,1.834788054371625,4.9678012715637685,5.322302472287488,battle-room
1782034378910.0,-0.9534455107107758,-1.765161122046411,4.447134306672215,4.87871455101235,battle-room
1782034378926.0,0.2734355954020284,-3.534324465471506,5.020311795523763,6.145709639768083,battle-room
1782034378943.0,2.2147965485118326,-7.106841591215133,4.2829941303074355,8.588163940806737,battle-room
1782034378959.0,-0.3297095087498426,-7.903416332042217,-0.23765841704010962,7.913859968494624,battle-room
1782034378976.0,-1.7750968251273036,-8.634123054686189,-1.7080226460248231,8.978663097665166,battle-room
1782034378993.0,-3.7107869477927684,-13.08247667402029,-1.8329478333324194,13.721546321676438,battle-room
1782034379010.0,-1.3370933842666446,-15.905415787911414,-0.42847967958152294,15.967268549767853,battle-room
1782034379026.0,-0.007301847445964813,-16.64485935924053,0.4731973577082157,16.651585874781276,battle-room
1782034379043.0,-0.19433643105551598,-14.276573061585426,3.0554268502950666,14.60116222321792,battle-room
1782034379060.0,-1.124498681334406,-9.380041374987364,2.2896318631350994,9.72070406655203,battle-room
1782034379076.0,-0.6789068311713635,-9.440201536917685,0.7362772162526845,9.49317774415959,battle-room
1782034379093.0,4.060439174374938,-9.252414527505636,4.254740680247545,10.9634464988775,battle-room
1782034379109.0,4.491339943623543,-3.9263141970455644,0.67671735830307,6.0038341121435534,battle-room
1782034379126.0,3.0924761857509613,-1.7310710747875273,-0.9707429747313261,3.674555476298199,battle-room
1782034379143.0,0.557954931408912,1.355364369494468,-3.2155881861567495,3.533883651526959,battle-room
1782034379160.0,0.029296675502508876,1.1641937089934944,-1.554857452660799,1.9426237374618784,battle-room
1782034379176.0,0.29601459828838705,0.3927545784667134,-0.2775754168868065,0.5647379156443149,battle-room
1782034379193.0,0.6603969226211309,-0.8217442533969879,1.3412924433916806,1.7060050211233428,battle-room
1782034379210.0,0.2264963870346546,-0.998712639413774,1.7553560596078632,2.0322407449577975,battle-room
1782034379226.0,-0.3962555723249912,-0.7283341482937336,1.4310463640749453,1.6538992733239486,battle-room
1782034379243.0,-1.1139553677491842,0.007220306642353534,0.6764899792879819,1.3032986558123523,battle-room
1782034379260.0,-0.8664236453399061,0.2438629707686603,0.44142683943808075,1.0025052300574302,battle-room
1782034379276.0,-0.6541073209576308,0.264822464428097,0.4314350222557783,0.8271175874233262,battle-room
1782034379293.0,-0.10686492222100495,-0.05911050674691796,0.8053700417011975,0.8145766186670027,battle-room
1782034379310.0,-0.4227366058848798,-0.4461994606673717,0.8584744399011135,1.0558307443044326,battle-room
1782034379326.0,-0.5343079522311687,-0.5418495997823775,0.7255716978430747,1.0514467486813917,battle-room
1782034379343.0,-0.2706989552460611,-0.5871379174038768,0.44203824933469293,0.783202829603897,battle-room
1782034379360.0,0.10524331236854195,-0.03118716542422771,0.0973667337745428,0.14672789418315568,battle-room
1782034379376.0,0.3215209415972233,0.1779040594317019,0.0453612367272377,0.3702475010655279,battle-room
1782034379392.0,0.6022594986900687,0.3117505120806396,0.03189151430130005,0.6789123317700039,battle-room
1782034379409.0,0.1294894264832139,0.002478811203688383,-0.0290004690349102,0.13272031977123916,battle-room
1782034379426.0,-0.07442264216914772,-0.09226327315568923,-0.04417933346629142,0.12650318077567893,battle-room
1782034379443.0,-0.07054433943107724,-0.14874927661791443,-0.11341595129966735,0.19991505478409669,battle-room
1782034379459.0,0.2649021055355668,0.10143982843235134,0.038781273815035815,0.28629905956582924,battle-room
1782034379476.0,0.22746143267452715,0.19064824406206607,0.09529635724127292,0.3117159797343631,battle-room
1782034379493.0,0.06470964192822576,0.16962576816901564,-0.014588497322797775,0.1821347392441791,battle-room
1782034379509.0,-0.19134893967732786,0.11615472861379385,-0.17877192830741404,0.2864711853672773,battle-room
1782034379526.0,-0.18568842969760296,0.026238749236613512,-0.1998188079893589,0.27403689698898537,battle-room
1782034379543.0,-0.14877996401712298,-0.12938538158684967,-0.0911141031205654,0.21720459122397973,battle-room
1782034379560.0,0.0663807900108397,-0.26223814702332016,0.41791736903488635,0.49782545372623227,battle-room
1782034379576.0,0.12109992993101477,-0.4013625400751829,0.5847989530622959,0.7195463133861898,battle-room
1782034379593.0,0.043344051685929294,-0.4593973804146051,0.4926502461969852,0.6750029074206303,battle-room
1782034379610.0,0.06898921894356608,-0.2875309937119484,0.12877777108252048,0.3225171297782582,battle-room
1782034379626.0,-0.027436726849526166,-0.0638188305683434,-0.2218038453042507,0.23242754334862814,battle-room
1782034379643.0,-0.026938714199513197,0.015240093099325894,-0.20928455547094343,0.21156081848742592,battle-room
1782034379660.0,0.13912176270335913,0.11744213807582854,0.06174772338271141,0.19225062287664918,battle-room
1782034379676.0,0.2096237242974341,-0.019124533317238093,0.3882429462611675,0.44163382896295506,battle-room
1782034379692.0,0.3477268114775419,-0.037826895699650046,0.4083013994276523,0.5376382075645196,battle-room
1782034379709.0,0.19447057882919908,-0.02805339744314551,0.22070494415163994,0.2954936065488479,battle-room
1782034379726.0,-0.37308059457316994,0.26548107446730135,-0.3437947327256202,0.5725942273523752,battle-room
1782034379743.0,-0.4402250624328851,0.4063635632328689,-0.20050036051273346,0.6317672401154459,battle-room
1782034379760.0,-0.37521789886280893,0.3673069796077907,0.008462123396992684,0.5251423582496512,battle-room
1782034379776.0,-0.13426833132281898,0.010815846916288136,0.39347792430520057,0.4158964345317955,battle-room
1782034379793.0,-0.05962430148795247,-0.4130106000319123,0.42210956002771854,0.593556478975203,battle-room
1782034379809.0,-0.03949176017194986,-0.46893750830665226,0.3600122925549745,0.5925123092468366,battle-room
1782034379826.0,-0.15707184541374444,-0.615924889818579,0.14131401205062866,0.6511564209324462,battle-room
1782034379843.0,-0.19357319159805775,-0.5048549171231687,-0.05430792877078056,0.543413672054975,battle-room
1782034379860.0,-0.08610445826500654,-0.5492930476561189,-0.0702051706045866,0.5604155564543838,battle-room
1782034379876.0,0.288523804141581,-0.42060733877122397,0.02424129180908203,0.5106311381154831,battle-room
1782034379893.0,0.33317484677284953,-0.343933264413476,-0.15207038386464117,0.5024151376510874,battle-room
